{"FORM 2BA":44.12903225806452,"FORM 2BB":24.142857142857142,"FORM 2GA":47.52,"FORM 2GB":35.16,"FORM 3B":44.705882352941174,"FORM 3G":46.02857142857143,"FORM 4B":53.125,"FORM 4G":51.421052631578945,"YEAR 9G":61,"YEAR 9B":27.666666666666668,"YEAR 10B":39.75,"YEAR 10G":60.3}